Country Name,Country Code,Year,Carbon dioxide (CO2) emissions excluding LULUCF per capita (t CO2e/capita),Energy use (kg of oil equivalent per capita),GDP growth (annual %),"GDP per capita, PPP (constant 2021 international $)",Gini index,Individuals using the Internet (% of population),"Inflation, consumer prices (annual %)","Life expectancy at birth, total (years)","Mortality rate, infant (per 1,000 live births)","Population, total",Renewable energy consumption (% of total final energy consumption),"School enrollment, secondary (% gross)",Trade (% of GDP),"Unemployment, total (% of total labor force) (national estimate)",Urban population (% of total population)
Afghanistan,AFG,2022,0.278420956418618,,-6.24017199240269,1981.71016810561,,17.1917,13.7121023720065,65.617,52.0,40578842.0,20.0,,72.8854696086536,,25.3939250580909
Africa Eastern and Southern,AFE,2022,0.858131540848484,562.060699360646,3.72271692296214,4106.50190693219,,26.8,10.8834775726018,64.4870195456608,39.6730585330406,731821393.0,,45.2816200256348,57.1527762711517,,37.3605781096471
Africa Western and Central,AFW,2022,0.521524499284441,351.913061564233,4.47279468511532,5806.17289006101,,37.5,7.94925143524016,57.9878133945189,56.4303202171376,497387180.0,,45.6372985839844,,3.34515973945368,51.6816941134779
Albania,ALB,2022,1.84525761573088,884.57221529163,4.8268006234359,18448.5176769995,,82.6137,6.7252027153006,78.769,8.3,2451636.0,,97.3224714726407,84.6980435944865,10.785,57.8643477747383
Algeria,DZA,2022,4.16005852930563,1499.50999958517,3.60000000094915,14782.2002970247,,74.8319,9.26551551551553,76.129,20.0,45477389.0,,104.550270080566,51.1900893683897,,74.1795862354514
American Samoa,ASM,2022,0.0020685945968309,,1.73501577287065,,,,,72.752,,48342.0,0.4,,124.684270952928,,81.794797704649
Andorra,AND,2022,,,9.56461225648184,63913.3835079105,,94.4855,,84.016,2.6,79705.0,18.7,98.5098724365234,,,88.7548766267286
Angola,AGO,2022,0.748810952279567,423.122517600564,4.21600258475137,8950.14259255142,,42.0719,21.3552901320822,64.246,39.6,35635029.0,,,55.2547732713835,14.094,69.0506188977513
Antigua and Barbuda,ATG,2022,3.69452822059457,,9.10780623385958,27941.7851474762,,77.1648,7.53107834634288,77.483,7.5,92840.0,0.9,107.799908772997,117.703527768353,,24.5114484000414
Arab World,ARB,2022,4.51655911861293,1780.22285816424,7.00775934349392,16905.4902749583,,,5.17980847967061,71.8760955992222,27.7678438480466,471352066.0,,69.4561386108398,86.7932393179498,,59.3339325148117
Argentina,ARG,2022,4.2953116708492,1808.76021335553,6.02074537534855,27825.0273492567,40.7,88.3754,72.430757531824,75.806,8.3,45407904.0,,114.14811706543,31.5801792606256,6.805,92.112838186126
Armenia,ARM,2022,2.61828101845615,1347.59055747413,12.5999999997766,17886.1783877168,27.9,77.0277,8.64091108973855,74.7658536585366,9.3,2969200.0,,91.7106609922965,103.878629213508,8.262,65.5624462874485
Aruba,ABW,2022,4.99021526418787,,10.6364309604414,38979.8358245412,,,,76.226,,107310.0,8.8,131.802169799805,160.634546418015,,61.8811657924257
Australia,AUS,2022,14.530502863688,4942.16372202842,4.25304559238732,60029.1329190733,,97.0424,6.59409671341846,83.2,3.2,26018721.0,,133.277267456055,45.6946418805752,3.728,87.3343268253813
Austria,AUT,2022,6.92858132698714,3486.72943293763,5.33096379400371,65694.5513287254,30.9,93.6141,8.5468699318845,81.2951219512195,2.7,9041851.0,,101.458000183105,123.579578652902,4.992,68.998085127906
Azerbaijan,AZE,2022,3.91289240245969,1714.03725982832,4.71468033247649,21051.2442291612,,88.0,13.8522590144267,74.125,14.1,10141756.0,,90.9530364179442,86.9822732541779,5.65,58.4382815854684
"Bahamas, The",BHS,2022,3.53551107063979,,10.8779009410268,34342.9285316569,,94.7326,5.60540633583044,74.491,11.6,397538.0,1.1,,75.9829601059237,,81.3200717047725
Bahrain,BHR,2022,25.4678810750754,10701.7927575092,6.18016125475185,57572.997981018,,100.0,3.62574104304482,80.992,7.0,1524693.0,,103.393222951005,167.141241152535,,100.0
Bangladesh,BGD,2022,0.713556533909868,297.118356342706,7.09982877575158,7888.16389098304,30.9,41.6165,7.69695437176898,74.265,24.4,169384897.0,,67.0384586440383,33.7799672705735,4.593,31.673734726234
Barbados,BRB,2022,2.4401561359885,,17.2264626793379,20716.2851304966,,79.4451,,75.676,9.6,282318.0,5.5,104.222328186035,,7.261,59.3538514107686
Belarus,BLR,2022,6.05700801391753,2862.48703453706,-4.65839591328999,26537.5083081674,,89.5073,15.209675274081,74.1033658536585,2.0,9228071.0,,99.0602032881737,120.024207576094,3.574,78.4732787892908
Belgium,BEL,2022,7.6776616173853,4368.44562567427,3.9562379757933,62561.7810453236,26.4,94.0078,9.597511728725,81.7487804878049,3.1,11680210.0,,142.918075561523,191.179031303786,5.57,87.489200269855
Belize,BLZ,2022,0.88023578897185,,9.25051329530994,12565.3645829576,,71.8096,6.27689319447544,72.19,10.9,402733.0,30.8,87.4381668552162,107.840250086037,,42.1373251262137
Benin,BEN,2022,0.513056396449261,375.820983649337,6.25294705373625,3588.32519938147,,30.0134,1.35077863583527,60.475,47.7,13759501.0,,43.5606498718262,44.3815928877424,1.685,50.9627000010887
Bermuda,BMU,2022,3.97689539606789,,6.47622571186707,98145.1689383889,,,,82.062,,64749.0,0.9,,75.1972250263227,,100.0
Bhutan,BTN,2022,1.94285158160822,,5.21386783786224,14061.3120274588,28.5,86.2903,5.6391667139637,72.754,19.1,780914.0,82.5,89.9829129407455,85.5712165226139,5.947,40.9365143617581
Bolivia,BOL,2022,1.93607699297368,798.293220052314,3.74741781241461,11487.7148799194,41.2,67.3612,1.74632872945969,67.434,20.7,12077154.0,,90.3729338176816,57.5249335789631,3.452,70.6352598708131
Bosnia and Herzegovina,BIH,2022,6.98907452004835,2270.72637629896,4.22681333390325,18362.241671965,,78.8455,14.0208440826771,76.777,5.5,3204802.0,,87.0373992919922,110.205284377387,12.657,51.0215287060993
Botswana,BWA,2022,2.80246010889007,1165.14968696121,5.48601706446772,18647.3734588832,,80.3696,11.665567478802,68.749,39.2,2439892.0,,,85.6117077543432,23.615,66.5889787170477
Brazil,BRA,2022,2.27889577215227,1432.72741132919,3.01669435408112,18554.0461828519,52.0,80.5278,9.28010608956873,74.872,12.6,210306415.0,,106.031188964844,38.8160659764321,9.231,87.349556243881
British Virgin Islands,VGB,2022,2.30694955505102,,,,,,,77.177,12.0,38319.0,1.3,72.2840270996094,,,54.795911692548
Brunei Darussalam,BRN,2022,20.9436282583394,9537.0515607056,-1.62833154515108,76357.829114996,,98.9704,3.68225030604216,72.917,8.3,455370.0,,89.8513650597627,146.973965879597,5.191,74.7772642014221
Bulgaria,BGR,2022,7.64769654654833,2968.65663426552,4.0838640915123,30860.8767083739,38.2,79.1269,15.3252589264366,74.1609756097561,5.1,6465097.0,,96.6720733642578,138.844877241238,4.148,73.4799164005224
Burkina Faso,BFA,2022,0.288261986140856,312.929085804227,1.62673258211919,2469.19956941259,,14.6238,14.2902354303358,60.7,46.1,22509038.0,71.4,33.6212866168282,67.5202901331655,1.927,27.2791369742712
Burundi,BDI,2022,0.0698215770067585,,2.31770122223331,1031.25412243175,,11.0009,18.8008786664945,62.882,32.4,13321097.0,83.0,,,,22.3202446002597
Cabo Verde,CPV,2022,1.3085363671521,,15.843675684642,8850.1066918812,,72.7601,7.93092925430087,75.907,11.5,519741.0,21.8,96.4315940376876,96.9941368513357,,75.033738060849
Cambodia,KHM,2022,1.06878240808886,501.644136152087,5.12990110773977,6458.3681488084,,59.6606,5.34370264895437,70.528,21.1,17201724.0,,55.1346812645406,145.873632761406,,40.374616187368
Cameroon,CMR,2022,0.377591519866032,384.104863153688,3.7367840056412,4843.65038202917,,41.775,6.24767713343861,62.443,42.5,27632771.0,,45.6066724321371,41.2866025594679,,54.8458745688318
Canada,CAN,2022,14.7892997763968,7578.02093601237,4.18903628100851,58321.0611834624,,94.0,6.80280115341613,81.2453658536585,4.5,38935934.0,,107.479377746582,67.3176215563989,5.279,82.3500897353968
Caribbean small states,CSS,2022,8.59213618807687,,14.8851030062619,27046.7067687718,,,5.82838638517959,72.8322921090607,17.3249795510315,4497310.0,,84.883918762207,,,50.1314448681558
Cayman Islands,CYM,2022,5.00342221787655,,5.77566708028824,76818.8004032916,,,,79.984,,71591.0,0.0,85.6012268066406,,,100.0
Central African Republic,CAF,2022,0.0632596180609838,,0.453901876447787,1136.80171107045,,,5.58316735183247,18.818,189.1,5098039.0,90.9,,45.23357000162,,43.2751967457285
Central Europe and the Baltics,CEB,2022,6.77183501445676,2683.1570949953,4.04227221314891,41296.2030890882,,,14.6081439492433,76.6522987292583,3.92088972010921,100071871.0,,100.121192932129,139.83650926868,3.96540582731722,61.5935240282645
Chad,TCD,2022,0.155239823582539,198.544774520873,4.12969897676332,2449.48251052484,37.4,12.4865,5.78802687843616,54.528,60.3,18455316.0,70.0,,47.9883784319429,,25.7635558629694
Channel Islands,CHI,2022,,,5.34196140375869,,,,,81.0,,167215.0,,,,,32.7920439098264
Chile,CHL,2022,4.62474983424569,2124.6984823137,2.15399356192458,29569.4775527937,43.0,93.5377,11.643866711056,79.176,5.9,19553036.0,,106.068328857422,75.2016177425303,8.331,88.6395352768685
China,CHN,2022,8.86482511020235,2676.48200976111,3.1341888719577,21499.3822834427,36.0,75.6113,1.97357555739051,78.202,4.8,1412175000.0,,,37.440719876366,,65.2176361083984
Colombia,COL,2022,1.70753982802254,851.232776568033,7.32827729427979,18458.7209460704,54.8,72.7964,10.1772313546166,76.508,11.3,51737944.0,,101.573776245117,48.2826551123359,10.541,78.0464633137335
Comoros,COM,2022,0.515231578493098,,2.60301031927843,3399.27830776976,,32.7685,12.5320314570999,66.481,36.8,834188.0,39.3,,50.3887704814699,,32.7746035528748
"Congo, Dem. Rep.",COD,2022,0.0610125487309351,390.899911233015,9.31116944064918,1484.33841881449,,29.4996,,60.979,45.8,102396968.0,,,85.8221691879958,,44.003287663813
"Congo, Rep.",COG,2022,1.38493056623382,627.585966198745,1.47535613247133,6205.1050414034,,37.4939,3.04344334698478,65.0,28.5,6035104.0,,,98.1613366922001,,63.6422003342807
Costa Rica,CRI,2022,1.61315999460817,1009.21522950084,4.55149177958398,24831.7193480342,47.2,82.598,8.27477490232654,79.316,8.8,5081765.0,,131.907592773438,82.2275325353143,11.325,78.4405687613972
Cote d'Ivoire,CIV,2022,0.605701555801839,471.775424802239,6.39988362720531,6272.26395759415,,38.4133,5.23352856100843,61.562,47.9,30395002.0,,54.0714108290486,52.8663910413483,2.31,52.8492549676673
Croatia,HRV,2022,4.57371420212618,2154.95483266747,7.29445343642668,37930.5840730103,30.0,82.0716,10.7805806758686,77.5756097560976,3.9,3855641.0,,105.577796936035,125.410877974694,6.811,56.9977571733605
Cuba,CUB,2022,1.78698206661591,815.615862798832,1.77465227724316,,,68.25,,77.629,6.3,11059820.0,,103.627148989561,93.8607755890525,,77.1056060791016
Curacao,CUW,2022,,5649.73104335971,6.90599999999999,26734.6457811916,,,,76.729,,153321.0,,,,,91.4007684350799
Cyprus,CYP,2022,5.425313774533,1682.70492545045,8.27372597293814,48168.50390625,31.5,89.601,8.39548297993334,80.434,2.8,1331370.0,,104.005722045898,205.753543745524,6.806,66.6694829407584
Czechia,CZE,2022,9.15364691432385,3895.62928915395,2.8471706583814,48390.661678675,25.9,84.5401,15.1001651468371,78.9292682926829,2.2,10672118.0,,102.935562133789,144.011494109397,2.224,72.6967638379524
Denmark,DNK,2022,4.8270407249692,2580.54319180783,0.443832614908331,69475.3198650883,29.3,97.8601,7.6965669988926,81.3048780487805,3.1,5903037.0,,130.326995849609,131.995824909071,4.434,88.3880239837703
Djibouti,DJI,2022,0.762292717589368,,5.16653702854374,6180.67998594606,,63.2573,5.17980847967061,65.54,45.9,1137096.0,26.9,,302.285409231545,,72.6109938538856
Dominica,DMA,2022,1.21509592074941,,10.3968076616121,17550.8009946466,,83.3101,2.88490226829353,71.081,32.7,66826.0,8.9,105.387588500977,,,72.682648635692
Dominican Republic,DOM,2022,2.85936787390744,950.470105292014,5.23795652902595,22986.95808105,37.0,81.5127,8.81109209279587,74.211,29.1,11230734.0,,76.5283197247412,54.3781976712844,5.504,72.4203155643711
Early-demographic dividend,EAR,2022,2.41944100399443,943.128344625501,6.02119005770159,11378.5486537272,,,7.19861615609867,71.4304552508694,26.5516744711551,3470644834.0,,77.2122268676758,58.9341445376023,5.55491448908438,46.6969243405166
East Asia & Pacific,EAS,2022,7.06418419646893,2321.49962014263,2.9996184966993,22175.197366634,,82.4,5.34595440908904,76.6767167147452,11.8,2379617118.0,,91.2770309448242,60.1095992258372,,63.6828244393002
East Asia & Pacific (IDA & IBRD countries),TEA,2022,6.83682797672911,2143.54847654303,3.54808390633295,18808.7249692887,,82.3,5.40874375479067,75.9610347461336,12.4761247532852,2107261123.0,,90.1412811279297,46.7605279255167,,60.8301827838521
East Asia & Pacific (excluding high income),EAP,2022,6.77992863279642,2124.8762701815,3.54811147025219,18600.020880698,,81.6,5.37734908193985,75.9325409436903,12.506974447304,2133560408.0,,90.1883010864258,46.7579624046603,,60.8593968560328
Ecuador,ECU,2022,2.47809443692364,904.739923624519,5.86842354862311,14186.6388544625,45.5,69.7181,3.46616972213077,76.577,11.2,17823897.0,,94.1335305764161,61.880792818786,3.672,63.0901835932266
"Egypt, Arab Rep.",EGY,2022,2.29974804261299,902.48842991302,6.58784560886967,16360.3907750364,,72.1981,13.8956609775178,71.01,16.7,112618250.0,,,36.9831048772713,7.344,42.6325129008032
El Salvador,SLV,2022,1.34798885215862,768.683429492147,2.95461516549889,11085.6178074688,38.8,65.5298,7.19861615609867,71.969,9.5,6280319.0,,65.2267824913058,88.7011093776867,2.993,74.1465021298679
Equatorial Guinea,GNQ,2022,2.82155421683407,1283.9351679017,3.22350831658598,16932.7706827155,38.5,59.3433,4.78671704710803,63.355,50.9,1803545.0,4.2,,81.8130161368099,,70.8910029445467
Eritrea,ERI,2022,0.219947692397037,289.547794683649,,,,18.7092,,67.789,26.4,3409447.0,,44.0441284179688,,,34.8469276428223
Estonia,EST,2022,11.1341597224282,3559.04893160478,-1.22616966587796,43128.6327713627,32.3,91.5202,19.3982634080616,77.8439024390244,1.7,1348840.0,,112.551849365234,175.68711950524,5.571,70.4892333736738
Eswatini,SWZ,2022,0.883161035575023,958.916943750887,0.386070835562705,9927.60567008139,,57.465,,63.028,44.6,1218917.0,64.7,88.2913589477539,92.5715871298334,,25.396682918542
Ethiopia,ETH,2022,0.146229646781817,377.921752731092,5.32175988403378,2655.59276743729,,,33.8898797100898,66.897,37.0,125384287.0,,,26.5954996967313,,22.7367687225342
Euro area,EMU,2022,6.04271643704466,2945.12300052697,3.6592192433758,56014.5098081467,,,8.47117645590892,81.6232025628471,3.02990230182414,348200155.0,,108.442291259766,100.605084239169,6.77735729230381,77.1544577812445
Europe & Central Asia,ECS,2022,6.85506904958575,3028.85090151607,3.39087777130349,43327.4955266552,,87.9,11.1136121878761,77.8344787151258,6.6,924234471.0,,103.31950378418,93.5866204888838,5.86900482608642,73.7292682667978
Europe & Central Asia (IDA & IBRD countries),TEC,2022,7.89342522267662,3138.85603316966,1.95197902081506,29994.0772747516,,85.2,13.8522590144267,74.1883654842503,9.12374934703656,460942269.0,,98.0531005859375,72.7487936847561,5.65546457607363,68.9112783282391
Europe & Central Asia (excluding high income),ECA,2022,5.05570589189862,1894.86137320559,3.07901753477167,22207.9612475691,,82.0,13.8875841659221,74.5731684190474,11.7494303786583,250514347.0,,99.5128402709961,82.3219771480926,,68.1628939259503
European Union,EUU,2022,6.14634944277267,2922.75771263617,3.56155233245134,53648.5391652011,,,8.83369886749452,80.7135056290876,3.18683214828156,447202673.0,,107.638740539551,103.706433693426,6.16136079316676,74.7659603902094
Faroe Islands,FRO,2022,0.038952366820003,,3.86099981669155,70256.7191950519,,,,82.9439024390244,,53912.0,7.9,,122.86334141193,,38.9959824546757
Fiji,FJI,2022,1.56000182723494,,17.7451269773594,12118.3182710082,,78.2433,4.32011856243056,67.148,23.5,919422.0,28.4,95.3068339697491,,,58.1352701465266
Finland,FIN,2022,6.68162198489374,5683.95102157914,0.763041912763526,57068.3056478074,27.9,92.9888,7.12350773301402,81.1878048780488,1.8,5556106.0,,144.852462768555,94.5625340522667,6.719,73.6967597835949
Fragile and conflict affected situations,FCS,2022,0.820161424665418,498.689646479432,1.62071663646515,5693.99860611589,,34.8,9.39075933985203,62.702271566254,48.5154059942791,1036390026.0,,47.2565994262695,,,45.5264138281595
France,FRA,2022,4.51246828877731,3100.1897815932,2.71676264185913,53673.8137406422,31.2,85.3333,5.22236748369735,82.1292682926829,3.4,68184457.0,,104.316436767578,75.9630077981996,7.303,78.7591921123356
French Polynesia,PYF,2022,3.30197091069913,,2.9373470716322,,,,,83.859,,280378.0,7.0,,69.5264023221442,,61.6913806937112
Gabon,GAB,2022,2.29694822208975,2096.2456480631,3.03761449530657,18662.0497970621,,70.7069,4.23124798274579,67.713,27.2,2430747.0,,,92.0630888500131,,91.2243355459988
"Gambia, The",GMB,2022,0.187713116401856,,5.49299823010114,2863.18049829859,,44.0389,11.5131198380505,64.859,34.9,2636470.0,47.7,,44.7219215369466,,63.2869880996278
Georgia,GEO,2022,3.62639535278365,1543.58379982411,10.9585321385624,20966.5280391134,33.5,78.7113,11.8981654203198,74.141,8.1,3712502.0,,103.710205488304,114.695437688718,10.198,60.0101622679115
Germany,DEU,2022,7.91182860265874,3261.8564081995,1.8092581243061,63676.087821808,,91.6298,6.87257438551097,80.6080487804878,3.1,83177813.0,,100.81729888916,88.7857542130501,3.137,81.7867852780995
Ghana,GHA,2022,0.717599050497581,359.179379052306,3.80484980952164,6728.45414012286,,69.3607,31.2558951049016,65.246,29.2,33149152.0,,77.8168696801948,70.1154557958907,2.87,57.250609602871
Gibraltar,GIB,2022,16.9028689941238,6522.23499259331,,,,,,83.517,,37609.0,,72.4222793579102,,,100.0
Greece,GRC,2022,5.28092585505901,1957.79872050503,5.52198580589408,35831.3441781205,33.4,83.1707,9.64525981280632,80.7878048780488,3.3,10436882.0,,106.21671295166,108.121843229922,12.426,78.5502190980809
Greenland,GRL,2022,10.4198655159634,,2.00455580865604,70681.2253902158,,,,71.5404878048781,,56661.0,11.7,,93.3651328766632,,87.8049405256832
Grenada,GRD,2022,1.44894066528102,,7.31023806981959,16376.4273099594,,74.2689,2.5805392590792,75.151,16.9,116913.0,10.0,,,,36.3688840183487
Guam,GUM,2022,0.0018162005085361,,5.09986426216793,,,,,77.102,,165180.0,6.7,,71.8668596237337,,94.1068261842046
Guatemala,GTM,2022,1.06185178214753,887.8389253262,4.18451817243695,12147.9309684074,,55.4086,6.88512823344287,71.206,18.4,17847877.0,,45.8926232164663,54.4310384820058,3.051,55.2581228215265
Guinea,GIN,2022,0.371451377528373,,3.97240784200721,3792.01068836277,,24.6954,10.4930409984424,60.432,63.1,14055137.0,66.6,,94.1652726931221,,37.2384967469106
Guinea-Bissau,GNB,2022,0.163331875267451,,5.52987253058352,2603.24022588591,,27.5672,9.39075933985203,63.605,44.3,2105529.0,87.4,,45.7584952252858,2.666,45.1627159118652
Guyana,GUY,2022,4.48373186699236,,63.3346343654855,37068.1993827588,,78.3924,6.11505550109935,69.888,24.6,821637.0,12.1,,,,26.4536735068183
Haiti,HTI,2022,0.294629353613119,377.526060418635,-1.68198396897978,3057.42840826502,,,33.98393194707,63.948,41.5,11503606.0,,,36.529550283828,,53.8524949966907
Heavily indebted poor countries (HIPC),HPC,2022,0.322431223423067,400.784696544082,4.87387497765388,3090.26152222753,,,9.65914753785069,63.8404458555462,44.0104847065421,893906294.0,,41.903938293457,55.9736105578035,,36.9472479538651
High income,HIC,2022,10.2078833994944,4552.18488980022,3.04532150391606,56863.1572458399,,91.0,7.53107834634288,79.4309739106372,4.2,1398001706.0,,103.741172790527,67.3891758851085,4.5358001898527,79.9046308853316
Honduras,HND,2022,1.01020922274279,573.344445082903,4.14356194013767,6352.58710177732,,56.3896,9.08963911525025,72.715,13.7,10463872.0,,53.8605804443359,112.698524913966,8.774,57.8364689017254
"Hong Kong SAR, China",HKG,2022,4.37404881501749,1566.39613487602,-3.68378414495199,64036.6454154727,,95.6136,1.88136707196853,83.6609756097561,,7346100.0,,106.185208398621,384.881143223724,4.318,100.0
Hungary,HUN,2022,4.95293425120931,2672.86765529203,4.15238057779229,40610.9711368238,,89.1428,14.6081439492433,75.8682926829268,3.2,9605074.0,,102.908576965332,185.000204092698,3.583,70.1585064243445
IBRD only,IBD,2022,4.94841494972312,1713.40135253771,3.77001425774095,16991.0252581932,,74.4,9.10437983075437,74.2512624750087,17.7571168549093,4928196300.0,,88.6169586181641,53.7445531321912,5.71829545021725,57.7552337954716
IDA & IBRD total,IBT,2022,3.75729634484102,1381.90502735145,3.82613307769597,13672.1547499022,,63.0,8.81109209279587,71.677581962506,30.1389107010954,6794724390.0,,74.3354263305664,53.6207752287313,,52.8148643869515
IDA blend,IDB,2022,0.885663927587803,477.044311254525,4.79819828416285,6528.77500867617,,36.5,6.32752007290448,62.1288641416852,50.9914254908524,651895919.0,,47.5066413879395,,,47.6330129185198
IDA only,IDX,2022,0.437910812532837,372.93417690592,4.30600397002799,4079.70265824005,,30.7,9.57337118555953,66.3600605315493,40.5319767556079,1214632171.0,,49.1855697631836,55.0014002268336,,35.5511339217003
IDA total,IDA,2022,0.595370118961047,412.359659732814,4.54563835706816,4924.78728035756,,32.8,8.21619710967436,64.8822902939527,44.1536280844604,1866528090.0,,48.4808082580566,51.3326796915021,,39.7708012570462
Iceland,ISL,2022,8.48003811488391,15806.7848368996,8.82069395623492,65380.3173049324,,99.8082,8.3087551155892,82.119512195122,2.0,382003.0,,112.589393615723,93.0487199615013,3.789,94.1787071228028
India,IND,2022,1.96929618962877,727.902200094024,7.60936497768895,8594.39190499879,25.5,55.9,6.69903414079852,71.698,25.6,1425423212.0,,81.6558464317379,50.0752701498882,4.822,34.7555673994206
Indonesia,IDN,2022,2.5918955237502,953.65392850686,5.30719722664799,13334.2653947637,35.5,66.4846,4.20946463714784,70.925,17.5,278830529.0,,97.8167602714893,45.4646701959453,3.462,57.4934704226599
"Iran, Islamic Rep.",IRN,2022,8.84742330027555,3266.12248660454,4.35281087521344,16377.9610645368,34.8,79.061,43.4884641742179,76.799,11.0,89524246.0,,,48.9183508223052,9.085,76.3342208862305
Iraq,IRQ,2022,5.04369459778254,1411.58869867393,7.95904804992662,13433.3977166987,,78.7156,4.99476596381044,72.037,21.5,44070551.0,,,68.75879409409,,69.8682861328125
Ireland,IRL,2022,6.84581291258731,2600.15740643769,7.51113888415304,123219.076059494,29.9,96.6206,7.82945736434105,82.509756097561,3.3,5212836.0,,133.150497436523,237.755419559378,4.465,63.8920250215059
Isle of Man,IMN,2022,,,-4.16539345213232,,,,,80.956,,84132.0,2.7,,,,52.1955609162662
Israel,ISR,2022,6.65826837562124,2501.42064264807,6.26326343841286,48098.187235579,,91.8508,4.41162725488371,82.7,2.7,9557500.0,,96.5853729248047,60.6448526742952,3.695,91.4979834273327
Italy,ITA,2022,5.60897190137329,2411.65172417311,4.82117669913565,52333.3274270604,33.7,85.0607,8.20128991161718,82.7,2.4,59013667.0,,101.353858947754,72.0165023032697,8.069,69.4839779766539
Jamaica,JAM,2022,2.64695978787973,968.879419803617,6.43930323656186,11096.6377085321,,82.4453,10.3495688391272,71.481,18.3,2839144.0,,82.8584671020508,,4.083,57.9879906034775
Japan,JPN,2022,8.3956307081074,3129.65861717499,0.941998775483285,44972.3438362201,,84.9234,2.49770278172255,83.9963414634146,1.8,125124989.0,,102.337966918945,46.8129868368938,2.614,91.9776532428406
Jordan,JOR,2022,2.07333464045749,754.305503117865,2.64743514912058,9266.57538251337,,90.5,4.22915568897117,77.088,12.6,11256263.0,,90.9912658899133,104.095459439189,18.2,92.4048379066163
Kazakhstan,KAZ,2022,12.3050866627844,3506.54555005386,3.19999999970734,33506.2614893237,,92.2969,15.0278644440851,73.503,7.7,20034609.0,,94.0433413378673,68.3343147415612,4.86,61.444157327248
Kenya,KEN,2022,0.405006512054817,541.12804988998,4.85998104287999,5491.69378280246,37.7,,7.65986268272224,63.549,35.8,54252461.0,,83.7738192286218,40.2753238373561,5.441,31.4307820066946
Kiribati,KIR,2022,0.580980922671286,,4.56632593100372,3107.77604642687,,,5.34595440908904,66.269,40.6,130469.0,41.9,88.6853008111105,107.685878015909,,60.5739126559419
"Korea, Dem. People's Rep.",PRK,2022,2.27140993081922,640.514278027031,,,,,,73.641,14.3,26328845.0,,,,,63.2274365906829
"Korea, Rep.",KOR,2022,11.8737409785064,5411.97477731382,2.72756456708991,53228.6035655365,,97.1686,5.08951365062842,82.6804878048781,2.4,51672569.0,,97.8181304931641,90.5851475278549,2.857,81.1624941626873
Kosovo,XKX,2022,,,4.27849895827543,13022.4627441502,38.3,,11.5805104542012,77.623,8.7,1768096.0,,,110.012031619226,12.093,47.8001996538455
Kuwait,KWT,2022,22.3585581710822,9129.59798629005,6.75866711966617,51379.8833194119,,99.7237,3.98064961990313,80.5878048780488,7.6,4589643.0,,,90.9204116970196,,100.0
Kyrgyz Republic,KGZ,2022,1.5054865652983,645.014246171812,8.96750520041391,6139.77788825006,26.4,82.5991,13.9229093174176,72.0487804878049,15.1,6975220.0,,,133.786718048766,4.767,34.7003053497743
Lao PDR,LAO,2022,3.17918742501495,815.086540442856,2.70742652643155,8183.03286472653,,62.7001,22.9562225132056,68.715,36.4,7559007.0,49.2,56.8782044614964,,1.209,38.0682382805397
Late-demographic dividend,LTE,2022,7.60831064813456,2556.38938271623,3.28700376545592,22819.7257752693,,,8.64091108973855,76.9543256667468,7.74327168139762,2323799591.0,,93.5337371826172,57.7023890477916,,66.5775786046606
Latin America & Caribbean,LCN,2022,2.64191212344237,1325.26357876772,4.08489707535256,19352.1819162164,,77.1,7.71367726901419,74.6472095421659,13.8,653108120.0,,97.0838012695312,56.0555033079967,6.90716237257647,80.8277327769
Latin America & Caribbean (excluding high income),LAC,2022,2.50120011340175,1270.31990096235,3.94705326197962,18478.2971735689,,76.6,8.33370630096231,74.4897262626475,13.6510686282049,585648822.0,,96.8845901489258,55.088454453885,6.80816019473853,80.294444140205
Latin America & the Caribbean (IDA & IBRD countries),TLA,2022,2.64733723885593,1333.08703165238,4.11782588294029,19256.4973758813,,77.3,7.8962761916855,74.5684293540859,13.8758102791969,637837815.0,,96.9736022949219,54.7675774389193,6.91088091732378,80.8195255101746
Latvia,LVA,2022,3.68567769315781,2256.11904538867,1.90853419029801,37718.7097958367,33.7,91.0301,17.3102830198815,74.2780487804878,2.7,1879383.0,,104.764526367188,159.892778190649,6.815,68.2570218109034
Least developed countries: UN classification,LDC,2022,0.38639306262052,365.276380642804,4.75099901471464,3853.83273030739,,28.2,9.45801281304023,65.7631857632163,41.9506230406724,1134585604.0,,47.1495704650879,51.1776652951198,,35.2589263540141
Lebanon,LBN,2022,1.81652362812428,617.482998993413,-0.621678970663112,11474.7505845558,35.3,82.798,171.205491336641,78.003,15.1,5744489.0,,64.5017084327233,114.888278265666,,90.206313713022
Lesotho,LSO,2022,0.42915695220265,,2.38778020186284,2577.54544127769,,46.5007,8.27180389943028,56.812,57.6,2286110.0,34.9,,142.373981074229,,41.6703965165322
Liberia,LBR,2022,0.161651307373094,,4.80810517290655,1578.99837069175,,21.8966,7.59298486560313,61.934,53.9,5373294.0,92.8,,,,54.4591057083
Libya,LBY,2022,8.05301361263212,2539.19813836223,-8.29981811198795,11450.0598552928,,88.6412,4.51030149235703,74.462,8.4,7223805.0,,,156.321684682347,,87.8486088593786
Liechtenstein,LIE,2022,,,,,,96.4528,,84.1219512195122,,39493.0,56.9,,,,14.6923070071538
Lithuania,LTU,2022,4.65112254775415,2453.93993260259,2.53752574011534,46651.2145810247,36.6,87.7242,19.7050461518394,75.6439024390244,2.9,2831639.0,,106.918357849121,175.651612151093,5.955,68.2866452426813
Low & middle income,LMY,2022,3.57465692451404,1284.81526179955,3.99985001578578,12850.9532394402,,,8.48730869535043,71.6849231239061,30.3477935620875,6437946207.0,,74.0918502807617,52.4201241317349,,52.6396704057543
Low income,LIC,2022,0.345689607768003,352.454980459215,3.35759142339809,2312.38443050134,,21.2,9.62147608489064,63.4583102800447,45.8,591481496.0,,41.4288291931152,54.7546157525203,,36.4160805989563
Lower middle income,LMC,2022,1.5417676120861,626.550285358857,6.24089400201117,8238.69538193574,,52.3,7.6702057938028,69.3010946755529,33.5,3043358377.0,,68.8880081176758,60.0642337972692,4.78779189311563,40.7971368007103
Luxembourg,LUX,2022,11.1248914795982,4862.94740833352,-1.0974168968152,132570.826463419,34.1,98.242,6.33600807777919,82.9463414634147,2.0,653103.0,,107.83975982666,412.177169924175,4.588,94.7605400940185
"Macao SAR, China",MAC,2022,2.47822235346228,,-18.956941494497,59921.441691873,,87.9696,1.04502802369954,83.0804878048781,,677300.0,11.0,90.2211838006231,170.368049338506,,100.0
Madagascar,MDG,2022,0.144033985186775,308.672539601401,4.15609778386296,1602.71368352337,,18.5532,8.16059031991844,63.068,44.7,30437261.0,83.1,,70.5471344130961,3.186,31.5397813465886
Malawi,MWI,2022,0.272369783877739,,0.921115069005936,1659.95933825168,,17.0457,20.953969729969,66.037,30.5,20568728.0,62.9,35.5084899925617,43.616624856781,,16.7146031979436
Malaysia,MYS,2022,7.98329915646393,2867.09651939173,9.03173723044451,32129.2217820113,,97.3986,3.37869862549928,75.444,6.7,34695493.0,,78.8341986282999,146.424604753908,3.93,75.9741357073003
Maldives,MDV,2022,3.4143856395462,,13.8260895184139,21357.8112511153,,83.9119,2.33314337624567,80.76,5.3,524106.0,1.2,73.5234576648616,162.243432933656,,41.0641769690663
Mali,MLI,2022,0.324748273279521,,3.70319027595568,2813.81095962843,,34.3797,9.62147608489064,60.035,59.0,23072640.0,71.1,,61.5613274861987,5.442,30.4015705681899
Malta,MLT,2022,3.3821427831742,1456.24524810948,2.48309993837792,54085.1262928202,34.6,91.5406,6.15375621933037,82.4487804878049,5.0,531113.0,,102.695037841797,245.160375092004,3.471,95.6003155132879
Marshall Islands,MHL,2022,0.0024951967462634,,-0.700563926576777,6936.86510911803,,64.8023,,66.725,24.3,40077.0,12.2,83.1106717816097,128.337975527291,,77.9855966195187
Mauritania,MRT,2022,1.03090119301334,,6.79600500489967,6053.26178155509,,34.3001,9.52526628622843,68.281,32.0,4875637.0,19.6,,102.025899125696,,58.8120996197226
Mauritius,MUS,2022,3.20778314533676,1095.73879704883,8.69306675264066,25085.9891959451,,75.5,10.7737512242899,73.5146341463415,13.8,1262523.0,,,147.663795034012,6.322,39.0000125885784
Mexico,MEX,2022,3.52183828963573,1525.73516114419,3.70975709163623,21391.8573692427,43.5,78.6322,7.8962761916855,73.973,11.1,128613117.0,,98.3576583862305,88.7984855867186,3.174,79.199683215791
"Micronesia, Fed. Sts.",FSM,2022,0.0017838985318515,,-2.90588999868474,3814.99076486823,,,5.40874375479067,66.961,21.5,112114.0,2.0,,90.6343902457202,,22.4122701819053
"Middle East, North Africa, Afghanistan & Pakistan",MEA,2022,4.09432116464173,1628.23219448934,6.4465289217368,14241.9968898837,,57.8,5.17980847967061,71.6918319737772,18.1,782349366.0,,62.4220314025879,78.3055019030409,,55.12536380356
"Middle East, North Africa, Afghanistan & Pakistan (IDA & IBRD)",TMN,2022,2.73637800434735,1069.76511209856,4.33155082949985,9800.72244713619,,53.8,8.78598837999588,70.965432550888,35.3341433369107,711465045.0,,,58.4110160833412,,51.925275557204
"Middle East, North Africa, Afghanistan & Pakistan (excluding high income)",MNA,2022,2.73637800434735,1069.76511209856,4.32972249891917,9771.32115919459,,54.1,8.30646124447623,71.0055315443397,35.1385328983309,716508657.0,,,58.6285724584232,,52.1693289932022
Middle income,MIC,2022,3.89601668348134,1357.58744143565,4.00728998415607,13926.5438616699,,,8.30646124447623,72.5172020330295,26.5608532035754,5846464711.0,,79.2273635864258,52.3921238117968,,54.2809961716246
Moldova,MDA,2022,3.27771217414482,1422.63575303914,-4.6000000255323,15358.0153548867,25.9,76.7412,28.7372976766235,71.546,13.6,2528654.0,,97.6136725974109,112.117671579766,0.909,42.4048843383789
Monaco,MCO,2022,,,11.2662955198601,,,99.1497,,85.746,2.3,38931.0,,,,,100.0
Mongolia,MNG,2022,7.26765621705495,1890.63113929262,5.0327096366527,15310.4349469163,31.4,82.1725,15.1509728200805,71.9007317073171,11.6,3433748.0,,93.5508272676123,136.327929944516,5.954,69.783805847168
Montenegro,MNE,2022,,1674.12860283285,7.73954689516201,24342.6033831469,,88.2219,13.0403036347004,76.1878048780488,2.2,623591.0,,92.1609725952148,125.455937754994,14.851,65.4012965440866
Morocco,MAR,2022,1.93751442575683,602.994477750907,1.81269242194809,8690.4482421875,,89.9,6.65704202759067,75.161,16.0,37329064.0,,84.4553724029251,100.906310201651,11.79,62.5118468550703
Mozambique,MOZ,2022,0.333694203552974,358.637694361749,4.36445074432608,1476.66560298097,49.6,18.7913,10.2794018093421,63.011,46.5,32656246.0,,,135.279578416991,6.789,35.0536638047945
Myanmar,MMR,2022,0.577248041256632,399.521185214539,4.0374934360085,5350.47666899931,,58.0112,,66.506,35.2,53756787.0,,,,,30.311095757938
Namibia,NAM,2022,1.23886461461583,692.461356441068,5.3987247803654,9953.09752403491,,61.1485,6.08128114112413,64.19,39.7,2889662.0,,81.8163691171532,99.2625547814064,,49.5291037671807
Nauru,NRU,2022,0.0,,2.87769784172609,12363.6457029853,,,,61.93,8.8,11801.0,1.9,92.7814636230469,167.338761904762,,100.0
Nepal,NPL,2022,0.506315976652673,519.950604103483,5.6313145568451,4763.38751073946,30.0,53.8878,7.6702057938028,70.087,24.2,29715436.0,,84.1026475876285,48.9734014799428,,66.2992968721053
Netherlands,NLD,2022,7.52014775225465,3570.12031994399,5.00723455159611,71324.0360349277,,92.5197,10.0012078753473,81.6146341463415,3.5,17700982.0,,138.767501831055,184.107484252682,3.526,94.9856177734136
New Caledonia,NCL,2022,16.0756888162913,,3.50000000000006,,,,,77.698,,287123.0,9.6,,50.4727487439639,10.71,67.5720305021282
New Zealand,NZL,2022,6.32162465316725,3764.50781429311,3.49638686458842,49964.1765523158,,96.1942,7.17222476016441,81.9585365853658,4.1,5081700.0,,114.774932861328,53.4761627655817,3.316,83.8547305017812
Nicaragua,NIC,2022,0.781677382316785,608.245546712747,3.55029945613975,7277.82264804562,,49.1307,10.4674244465991,74.463,10.7,6730654.0,,,115.454678712865,,58.9954376220703
Niger,NER,2022,0.127125609686768,162.045865914287,11.9000000000277,1717.51891457684,,23.2982,4.22621791916392,60.398,68.3,25311973.0,,,52.8061484327332,0.403,17.477207007512
Nigeria,NGA,2022,0.578271036832404,333.060729584941,4.31882949523192,7752.26206532009,33.9,37.6975,18.8471877843274,54.079,61.6,223150896.0,,,,3.827,61.3727650622225
North America,NAC,2022,14.4546888948556,6623.01242612294,2.64058278650343,71184.9572983365,,92.6,7.40280048696867,77.8327679594239,5.4,373018004.0,,98.3612213134766,30.7440903175145,3.83303148633239,80.2778760108654
North Macedonia,MKD,2022,4.47897922817561,1476.13542564094,2.75888415332967,21715.4337998328,,85.008,14.2047173195833,74.4248780487805,3.6,1831712.0,,91.4516372680664,166.147357379878,14.476,61.9530566607267
Northern Mariana Islands,MNP,2022,0.0021702330830331,,16.6427546628408,,,,,78.531,,46078.0,0.5,,93.1569343065693,,91.8785788645608
Norway,NOR,2022,7.9798582660803,4651.48670758657,3.24622860260932,91051.0831968407,26.9,99.0,5.76412317852272,82.509756097561,1.9,5457127.0,,119.442527770996,82.6094798361389,3.231,82.9563661816034
OECD members,OED,2022,8.42684798687324,3777.82814353815,3.09501591343316,52344.6903615246,,,8.23803240697186,79.5212545784247,5.71264898693856,1378565677.0,,105.27172088623,63.1404421686003,4.98751389942902,80.9495516047505
Oman,OMN,2022,19.6830764534295,5867.32005628854,7.98570728354278,39780.2122774985,,95.2453,2.5061425061425,77.911,8.5,4730226.0,,91.9645458184777,105.745009280655,3.3,80.0117053152301
Other small states,OSS,2022,4.06107663404187,,4.35703581894087,23768.1144090238,,,7.46811935414937,72.9049248661262,25.8597399999,12699005.0,,73.5171127319336,164.573905802679,,54.4367375147273
Pacific island small states,PSS,2022,1.49552963819568,,8.46598449677872,6653.2312628164,,,6.09871755232029,69.1004348993561,19.2214754830071,2656049.0,,79.3243865966797,,,39.9427900823495
Pakistan,PAK,2022,0.965826244537936,470.723496524025,4.7781068690358,5526.27928310213,,24.2103,19.8738599646655,67.417,51.8,243700667.0,,40.4177656413012,33.031353478032,,38.3740439760816
Palau,PLW,2022,78.7262796328622,,1.51267904038146,16040.9080564681,,,12.3526638378124,68.922,19.5,17759.0,0.9,89.0526315789474,105.200935152021,,79.1134831712956
Panama,PAN,2022,2.60024772920576,1062.69925631817,11.0385475261766,33915.1526066674,,77.7041,2.85965128834711,79.324,11.1,4400773.0,,,93.4752688168442,8.281,65.8211343914956
Papua New Guinea,PNG,2022,0.541939469982316,,5.70758404238197,4125.49303365201,,23.7315,5.25323922215241,65.274,33.0,10203169.0,54.6,,,2.689,14.7358658260841
Paraguay,PRY,2022,1.18410511467852,1044.98506765929,0.176038366149214,15259.1456311862,44.6,76.2592,9.76556667164402,72.319,15.6,6760464.0,,82.3071472143291,73.7379050218566,6.762,68.6396537819458
Peru,PER,2022,1.90408262918024,826.705646687846,2.8090335533015,15559.821643644,40.3,74.675,8.33370630096231,76.834,13.8,33475438.0,,103.591468811035,57.2969759649721,4.003,84.3663554951194
Philippines,PHL,2022,1.33112167071071,550.793803994865,7.58098212785563,9457.10395402883,,75.2111,5.82115811213955,69.472,22.4,113964338.0,,92.291271176651,72.4296836107599,2.598,54.7902343568327
Poland,POL,2022,8.36357881859441,2798.00774623397,5.25545697386036,43405.0215797441,28.9,86.9411,14.4294507575758,77.1560975609756,3.7,36821749.0,,108.48217010498,123.021332860345,2.811,59.8315488048321
Portugal,PRT,2022,3.8017191709062,1949.86496103932,6.98584137580278,41070.861152974,36.3,84.4969,7.83269124233323,81.6317073170732,2.6,10434332.0,,120.926139831543,101.364146479435,6.138,61.1259255772782
Post-demographic dividend,PST,2022,9.34713448071044,4271.12163837638,2.79274034092423,57663.1350294517,,,7.87737003690613,80.1977878300116,4.09082593379732,1117394729.0,,104.075889587402,64.4700799127373,4.55227174567111,80.93281887999
Pre-demographic dividend,PRE,2022,0.579928938363146,437.442485972398,4.67657631651602,4624.99225982559,,,8.77567482988523,61.3832880029503,48.4289891841862,1051201551.0,,44.3046188354492,,,44.4479498791233
Puerto Rico (US),PRI,2022,4.32211424544981,,2.95709565499587,42310.9585064702,,87.2918,,79.427,,3220137.0,2.5,,98.2564691765992,6.0,94.1110923054937
Qatar,QAT,2022,45.1959539884538,16683.663609726,4.18497018544697,114740.16518158,,99.6528,4.99527553740761,81.857,5.0,2657333.0,,102.968360766419,100.213640845612,0.13,99.243997525719
Romania,ROU,2022,3.97277959180202,1655.23818974845,4.18771305104109,37353.0450505461,32.3,85.5031,13.7954887432521,75.1536585365854,5.4,19048502.0,,83.0334701538086,93.9496509383447,5.614,52.1634832477272
Russian Federation,RUS,2022,13.1413838368291,5601.08435085175,-1.43588213859842,38214.49609375,33.9,90.418,13.7436797398232,72.5456097560976,3.9,144236933.0,,92.7729443625069,42.7827864294811,3.867,74.8544893625017
Rwanda,RWA,2022,0.161247905835677,372.991402429343,8.16120720872912,2892.45964942821,,31.2252,17.6892095588153,67.528,30.8,13651030.0,79.9,44.1547093958443,61.1450795033651,15.084,27.7806702737761
Samoa,WSM,2022,1.54417195869201,,2.26705055249026,6449.36505263744,,57.3288,10.9618822286844,71.55,13.1,215261.0,35.9,,60.8477796541449,5.048,17.5007949951039
San Marino,SMR,2022,,,7.89844145767604,70887.573899815,,85.0607,5.32545321311365,85.708,1.4,33755.0,,61.6779239246356,370.436071813414,4.91,97.1141889380465
Sao Tome and Principe,STP,2022,0.62393672256468,,0.168698492216564,5632.13890715047,,61.5535,18.0056351122841,69.237,9.8,226305.0,42.5,,,,68.3720919798341
Saudi Arabia,SAU,2022,19.282874301046,7529.60103058863,12.0005874752929,67178.5902274906,,100.0,2.47407371925372,77.31,5.1,32175224.0,,122.158039993668,56.8241647749332,5.589,84.1349430023993
Senegal,SEN,2022,0.823959839790182,315.965932815121,3.85043193735768,4228.73382642974,,59.2246,9.69681899081073,67.788,31.4,17651103.0,,45.3756792066535,79.5998216515832,5.062,53.4435061024348
Serbia,SRB,2022,,2440.9165854049,2.70347705543654,23456.2977897073,32.8,83.5383,11.9815117344703,75.2365853658537,4.5,6664449.0,,91.9540023803711,131.913292283516,8.439,61.9013813540396
Seychelles,SYC,2022,7.02714426333439,,12.7104688902836,27978.1770550937,,87.0353,2.6260363285129,73.7024390243903,13.3,119878.0,1.9,76.8818747010999,189.826835436591,,44.9108209981157
Sierra Leone,SLE,2022,0.177218098718503,,5.3135546141915,2934.73326430435,,19.2287,27.2082883814653,61.275,58.0,8276807.0,71.6,,45.0542127390319,,44.2666343543487
Singapore,SGP,2022,9.99582758413928,5785.04367341681,4.10800021897151,133571.962410322,,95.9539,6.13095418919732,82.8951219512195,1.8,5637022.0,,103.009804103267,332.34956775484,3.591,100.0
Sint Maarten (Dutch part),SXM,2022,,,13.9,45515.6523389272,,,,76.18,,42139.0,0.0,,,,100.0
Slovak Republic,SVK,2022,6.11012800289851,3089.1457459111,0.544591632137454,38664.9076949851,24.1,89.0677,12.7741463637611,76.9658536585366,5.0,5431752.0,,92.2043075561523,204.056318531151,6.143,53.1902831072528
Slovenia,SVN,2022,6.3394025593776,3045.94458555582,2.66850555542486,47050.0676441642,24.3,88.9125,8.83369886749452,81.2829268292683,1.9,2112076.0,,107.874809265137,186.647076274632,4.011,55.3377817873563
Small states,SST,2022,4.7676850316056,,7.43586182979632,22221.0380981027,,70.5,6.15375621933037,72.3794678577605,22.8784198884606,19852364.0,,75.5592727661133,154.50732220142,,51.5222800598785
Solomon Islands,SLB,2022,0.382810159448753,,-2.58448361755723,2330.10309195408,,42.094,5.51812928576938,70.409,17.0,781066.0,50.1,,74.8355405329858,,29.3511689856806
"Somalia, Fed. Rep.",SOM,2022,0.0467871485830976,,2.71821202053759,1387.54753732191,,27.6,,53.931,89.9,17801897.0,95.4,,90.7576203077526,11.086,53.5010115886789
South Africa,ZAF,2022,6.88263936192025,1938.30644693274,2.05813661692193,13767.4967589936,,75.4556,7.03987272546482,65.454,24.5,62378410.0,,104.535066506498,64.94713440234,33.268,63.4766699210327
South Asia,SAS,2022,1.80041151642224,676.416819508078,7.10115392630797,8522.02555266368,,54.2,7.18461996730066,72.0115731308447,31.3,1648009565.0,,79.9404983520508,48.8421502668149,4.79263045940844,34.8137520955194
South Asia (IDA & IBRD),TSA,2022,1.80041151642224,676.416819508078,7.10115392630797,8522.02555266368,,54.2,7.18461996730066,72.0115731308447,25.1760759188118,1648009565.0,,79.9404983520508,48.8421502668149,4.79263045940844,34.8137520955194
South Sudan,SSD,2022,,69.0433646121056,,,,,-6.68732094212668,57.203,72.6,11021177.0,,,,,20.7752121046616
Spain,ESP,2022,4.99422196018416,2408.92811488939,6.37031712129601,46733.4809780536,33.6,94.4855,8.39057634118627,83.1341463414634,2.6,47786102.0,,119.015510559082,78.4657338703054,13.033,79.9548794567814
Sri Lanka,LKA,2022,0.937608764257698,473.920825625094,-7.34919301306745,13249.065064602,,48.3,49.7211021114327,77.3,5.5,22181000.0,,88.1918156520303,46.6826080196819,4.528,19.9877933196367
St. Kitts and Nevis,KNA,2022,2.78533045023443,,10.4804941546807,29749.8700864823,,75.5566,2.66817533111249,70.313,14.7,46709.0,1.5,119.88360814743,,,31.6156404983167
St. Lucia,LCA,2022,1.65621626459187,,20.3884431828414,22962.2818144554,,65.3544,6.37814695133351,72.67,14.4,178781.0,9.7,87.6844863891602,,15.766,29.097678526676
St. Martin (French part),MAF,2022,,,,,,,,80.236,,28870.0,,,,,100.0
St. Vincent and the Grenadines,VCT,2022,1.24551672775023,,3.1108330034352,16835.023514541,,71.7226,5.66009779226552,71.191,10.3,102046.0,5.1,,,,47.585897833353
Sub-Saharan Africa,SSF,2022,0.720694535900452,480.247369181107,4.06140756050381,4796.06641542138,,31.1,9.45801281304023,61.8571795894802,46.5,1229208573.0,,45.4347686767578,59.1775548748557,,43.1554770877868
Sub-Saharan Africa (IDA & IBRD countries),TSS,2022,0.720694535900452,480.247369181107,4.0614075605038,4796.06641542138,,31.1,9.45801281304023,61.8571795894802,46.5056199745582,1229208573.0,,45.4347686767578,59.1775548748557,,43.1554770877868
Sub-Saharan Africa (excluding high income),SSA,2022,0.785921917383209,493.303887825375,3.98372703715641,5035.76910820244,,32.7,9.45801281304023,61.2833535992957,47.5482911880344,1103704408.0,,45.4329109191895,60.7745506282043,7.36067789842765,45.4749158289618
Sudan,SDN,2022,0.434223310830335,411.780538179181,-0.957816591119183,3132.0771484375,,,138.80846024176,65.695,40.3,49383346.0,,,2.69883443585856,7.53,34.7209852053086
Suriname,SUR,2022,4.59397526172885,1738.82345454805,2.40622235601218,18742.5873760369,39.2,77.6494,52.446027276241,73.254,15.7,623164.0,,77.7318215623084,,,65.8985443115234
Sweden,SWE,2022,3.59996303974629,4323.66572139304,1.25543620445816,63088.4236678734,31.6,95.0097,8.36929098869189,83.0585365853659,2.0,10486941.0,,139.406524658203,107.111751826512,7.417,88.4038576504809
Switzerland,CHE,2022,3.92846693573085,2591.92141040481,3.04406102969423,82777.293582076,33.8,96.4528,2.83502798644463,83.6048780487805,3.5,8777088.0,,103.392356872559,138.500698753519,4.122,84.9206266284521
Syrian Arab Republic,SYR,2022,1.38747039300249,454.532086054546,0.732781301861365,4454.85373271464,26.6,,,72.79,19.5,22462173.0,,39.6268081665039,35.6094680799956,,72.6124992370605
Tajikistan,TJK,2022,0.938950260561987,375.197095148471,8.00000033846364,4213.75618362687,39.5,53.1078,,71.562,23.1,10182222.0,,90.888637681585,65.4355115893577,,26.1957126615618
Tanzania,TZA,2022,0.323161976851185,405.146314827946,4.56600576430955,3546.98095703125,,22.101,4.35027204269101,66.879,31.2,64711821.0,,,35.0034517101994,,34.8234736377147
Thailand,THA,2022,3.963374866518,1867.46968312053,2.58037874709827,20762.7952598527,34.3,87.9772,-1.61068030486688,75.291,8.3,71735329.0,,88.0661686868399,132.858712082871,0.94,59.742374420166
Timor-Leste,TLS,2022,0.50726833881669,,-20.5224785561874,5348.49200064987,,34.5102,7.00530945399787,67.368,36.9,1369295.0,11.4,,97.6211103607359,1.537,28.5857292288968
Togo,TGO,2022,0.286520909623578,425.402321106605,6.29443692019429,2739.68813234711,,35.5105,7.96757361617945,62.29,36.9,9089738.0,,,61.575092396894,1.965,42.7332327975627
Tonga,TON,2022,1.53652824584452,,-2.12854452405193,6810.60970632543,,57.7181,10.9713652903022,72.635,8.2,105042.0,2.3,96.996718063038,70.1272756617234,,21.147219451842
Trinidad and Tobago,TTO,2022,20.8660094230143,11038.4068472239,0.86126082651883,30784.1112580356,,84.4957,5.82838638517959,73.331,17.6,1365805.0,,,,4.383,53.9474037904998
Tunisia,TUN,2022,2.50498913554161,956.041118887201,2.75228761004381,12712.22345453,,70.5532,8.30646124447623,76.05,11.5,12119334.0,,,116.095794384146,15.3,69.707138648303
Turkiye,TUR,2022,5.22956172007378,1841.55630679263,5.44122511322401,33520.8111384208,44.5,83.4372,72.3088359891207,77.591,8.0,84979913.0,,116.040176391602,79.8982722314341,10.432,89.0381164550781
Turkmenistan,TKM,2022,14.0053384467054,5625.64523686666,6.19999993621698,17119.5744946142,,,,69.913,32.0,7230193.0,,92.451789855957,37.3609509597775,,47.0592103414926
Turks and Caicos Islands,TCA,2022,4.8094749929112,,14.0871234168153,28209.6242536079,,,,77.918,4.1,45847.0,0.8,105.9765625,,,93.6922471653237
Tuvalu,TUV,2022,0.0,,0.677309361438304,5498.18455447209,,73.5846,,66.852,17.7,9992.0,5.2,92.0868890612878,,7.318,63.3065768081154
Uganda,UGA,2022,0.168117583772769,482.821621536668,4.58802192181773,2724.90609568409,,11.1246,7.1957888597581,67.675,28.7,47312719.0,90.9,,34.5053019270937,,29.9251969709665
Ukraine,UKR,2022,2.90739555971061,1479.47224953939,-28.7585842155085,13787.12109375,,82.6753,20.1836366617478,72.658,8.0,41048766.0,,,87.3965139907244,,69.42345912103
United Arab Emirates,ARE,2022,19.3731459635094,8335.80957162683,7.51448425801082,70075.6300053372,,100.0,5.29122604376849,80.487,4.2,10074977.0,,102.380981445312,185.741660982819,2.872,85.5147347682487
United Kingdom,GBR,2022,4.80733240636649,2254.36941582721,5.14970388522993,53139.151252206,,96.2989,7.92204883147902,81.0112195121951,3.9,67604000.0,,113.257041931152,69.1989264413981,3.768,83.0753982997505
United States,USA,2022,14.4177148825165,6511.68841394546,2.51237531986017,72679.2575396348,41.7,92.2016,8.00279982052121,77.4341463414634,5.5,334017321.0,,97.4734878540039,27.3139397355363,3.65,80.0324978239707
Upper middle income,UMC,2022,6.45608153815997,2141.67912444725,3.45482027640851,20089.0799816803,,82.7,9.0383038041557,76.0089594269564,11.6,2803106334.0,,95.3135375976562,50.7033867956823,,68.9205465422319
Uruguay,URY,2022,2.38667285182486,1626.06034935571,4.48622703072073,30804.7032775797,40.6,89.873,9.10437983075437,76.468,5.6,3390913.0,,121.137930191204,61.0307951043821,7.877,95.4977416992188
Uzbekistan,UZB,2022,3.68952648984493,1381.80448771676,6.00134232203442,9607.56167273449,31.2,83.9,11.4466436998836,72.147,13.1,34938955.0,,97.3779819618405,62.8412525378517,,50.9847412109375
Vanuatu,VUT,2022,0.865368028979767,,5.18622862422562,3222.83595459346,,45.6747,6.67930581887121,71.302,14.4,313046.0,25.0,81.9551276325385,63.5996121674253,,22.2541249733107
"Venezuela, RB",VEN,2022,3.26104790565291,1478.06434305688,8.00091310654791,,,,,72.566,21.5,28213017.0,,96.7906723022461,27.8982770650022,,89.2132204732836
Viet Nam,VNM,2022,3.45101965872917,1023.0571362687,8.53750046755788,12979.7639049934,36.1,78.59,3.15650749963129,74.502,14.3,99680655.0,,93.4123434096522,183.153619147836,1.57,37.5478515625
Virgin Islands (U.S.),VIR,2022,0.0018972991945964,,-1.31123206333498,46479.2996685326,,,,80.319512195122,,105413.0,5.9,,205.629280821918,,95.2171514724412
West Bank and Gaza,PSE,2022,,,4.08276027347105,5753.08395899307,,88.6469,3.74122391852077,76.662,12.3,5043612.0,15.4,90.1364802874113,82.3949283869453,24.42,86.5961423216016
World,WLD,2022,4.66731333968557,1853.66774677224,3.40305483746891,20400.1574226776,,67.0,7.98518671835033,72.9682902550636,28.0,7989545217.0,,77.5006103515625,62.4216664720525,,57.0703302851395
"Yemen, Rep.",YEM,2022,0.287369793942245,68.9495345137687,,,,,,67.952,35.7,38222876.0,,,,,36.3226310308295
Zambia,ZMB,2022,0.524548827570452,800.674873527651,5.21122360356247,3585.12379084347,51.5,15.0,10.9932039209136,65.279,32.2,20152938.0,,,69.2973154193203,5.993,44.5988511178469
Zimbabwe,ZWE,2022,0.719220842842293,416.586875381392,6.13926327570213,5036.76136109489,,37.8861,104.705170628667,62.36,42.2,16069056.0,,,55.0673522476036,10.001,38.7055207169041
